-- phpMyAdmin SQL Dump
-- version 5.2.1
-- https://www.phpmyadmin.net/
--
-- Hôte : localhost
-- Généré le : dim. 16 juil. 2023 à 15:40
-- Version du serveur : 10.4.28-MariaDB
-- Version de PHP : 8.2.4

SET SQL_MODE = "NO_AUTO_VALUE_ON_ZERO";
START TRANSACTION;
SET time_zone = "+00:00";


/*!40101 SET @OLD_CHARACTER_SET_CLIENT=@@CHARACTER_SET_CLIENT */;
/*!40101 SET @OLD_CHARACTER_SET_RESULTS=@@CHARACTER_SET_RESULTS */;
/*!40101 SET @OLD_COLLATION_CONNECTION=@@COLLATION_CONNECTION */;
/*!40101 SET NAMES utf8mb4 */;

--
-- Base de données : `E-BANKING`
--

-- --------------------------------------------------------

--
-- Structure de la table `account_operation`
--

CREATE TABLE `account_operation` (
  `amount` double NOT NULL,
  `id` bigint(20) NOT NULL,
  `operation_date` datetime(6) DEFAULT NULL,
  `bank_account_id` varchar(255) DEFAULT NULL,
  `description` varchar(255) DEFAULT NULL,
  `type` enum('CREDIT','DEBIT') DEFAULT NULL
) ENGINE=InnoDB DEFAULT CHARSET=utf8mb4 COLLATE=utf8mb4_general_ci;

--
-- Déchargement des données de la table `account_operation`
--

INSERT INTO `account_operation` (`amount`, `id`, `operation_date`, `bank_account_id`, `description`, `type`) VALUES
(79025.2208585773, 1, '2023-07-16 11:24:09.000000', '067f79db-8820-401c-a198-cd0193b36a6e', 'Credit', 'CREDIT'),
(9045.74064114058, 2, '2023-07-16 11:24:09.000000', '067f79db-8820-401c-a198-cd0193b36a6e', 'Debit', 'DEBIT'),
(122016.87029996197, 3, '2023-07-16 11:24:09.000000', '067f79db-8820-401c-a198-cd0193b36a6e', 'Credit', 'CREDIT'),
(8973.639190866299, 4, '2023-07-16 11:24:09.000000', '067f79db-8820-401c-a198-cd0193b36a6e', 'Debit', 'DEBIT'),
(52238.78014611156, 5, '2023-07-16 11:24:09.000000', '067f79db-8820-401c-a198-cd0193b36a6e', 'Credit', 'CREDIT'),
(7793.822132403713, 6, '2023-07-16 11:24:09.000000', '067f79db-8820-401c-a198-cd0193b36a6e', 'Debit', 'DEBIT'),
(43977.707703581385, 7, '2023-07-16 11:24:09.000000', '067f79db-8820-401c-a198-cd0193b36a6e', 'Credit', 'CREDIT'),
(4914.240999507874, 8, '2023-07-16 11:24:09.000000', '067f79db-8820-401c-a198-cd0193b36a6e', 'Debit', 'DEBIT'),
(128874.30664457363, 9, '2023-07-16 11:24:09.000000', '067f79db-8820-401c-a198-cd0193b36a6e', 'Credit', 'CREDIT'),
(9561.751096363529, 10, '2023-07-16 11:24:09.000000', '067f79db-8820-401c-a198-cd0193b36a6e', 'Debit', 'DEBIT'),
(53208.33369620645, 11, '2023-07-16 11:24:09.000000', '067f79db-8820-401c-a198-cd0193b36a6e', 'Credit', 'CREDIT'),
(4304.1282003307615, 12, '2023-07-16 11:24:09.000000', '067f79db-8820-401c-a198-cd0193b36a6e', 'Debit', 'DEBIT'),
(107721.38353535041, 13, '2023-07-16 11:24:09.000000', '067f79db-8820-401c-a198-cd0193b36a6e', 'Credit', 'CREDIT'),
(2223.224042039811, 14, '2023-07-16 11:24:09.000000', '067f79db-8820-401c-a198-cd0193b36a6e', 'Debit', 'DEBIT'),
(20806.700134893297, 15, '2023-07-16 11:24:09.000000', '067f79db-8820-401c-a198-cd0193b36a6e', 'Credit', 'CREDIT'),
(5807.72488723, 16, '2023-07-16 11:24:09.000000', '067f79db-8820-401c-a198-cd0193b36a6e', 'Debit', 'DEBIT'),
(47804.76226927276, 17, '2023-07-16 11:24:09.000000', '067f79db-8820-401c-a198-cd0193b36a6e', 'Credit', 'CREDIT'),
(9200.765584319981, 18, '2023-07-16 11:24:09.000000', '067f79db-8820-401c-a198-cd0193b36a6e', 'Debit', 'DEBIT'),
(89135.75469031614, 19, '2023-07-16 11:24:09.000000', '067f79db-8820-401c-a198-cd0193b36a6e', 'Credit', 'CREDIT'),
(2443.229345113018, 20, '2023-07-16 11:24:09.000000', '067f79db-8820-401c-a198-cd0193b36a6e', 'Debit', 'DEBIT'),
(28037.079132680865, 21, '2023-07-16 11:24:09.000000', '30f676d3-da5d-447a-b061-4706dd370b49', 'Credit', 'CREDIT'),
(5990.300195096695, 22, '2023-07-16 11:24:09.000000', '30f676d3-da5d-447a-b061-4706dd370b49', 'Debit', 'DEBIT'),
(64091.33269184229, 23, '2023-07-16 11:24:09.000000', '30f676d3-da5d-447a-b061-4706dd370b49', 'Credit', 'CREDIT'),
(6067.242355965837, 24, '2023-07-16 11:24:09.000000', '30f676d3-da5d-447a-b061-4706dd370b49', 'Debit', 'DEBIT'),
(40238.84103107006, 25, '2023-07-16 11:24:09.000000', '30f676d3-da5d-447a-b061-4706dd370b49', 'Credit', 'CREDIT'),
(6469.099505234761, 26, '2023-07-16 11:24:09.000000', '30f676d3-da5d-447a-b061-4706dd370b49', 'Debit', 'DEBIT'),
(96654.7053337782, 27, '2023-07-16 11:24:09.000000', '30f676d3-da5d-447a-b061-4706dd370b49', 'Credit', 'CREDIT'),
(7624.784173736489, 28, '2023-07-16 11:24:09.000000', '30f676d3-da5d-447a-b061-4706dd370b49', 'Debit', 'DEBIT'),
(52194.40028884359, 29, '2023-07-16 11:24:09.000000', '30f676d3-da5d-447a-b061-4706dd370b49', 'Credit', 'CREDIT'),
(7143.751445313308, 30, '2023-07-16 11:24:09.000000', '30f676d3-da5d-447a-b061-4706dd370b49', 'Debit', 'DEBIT'),
(99910.1454062649, 31, '2023-07-16 11:24:09.000000', '30f676d3-da5d-447a-b061-4706dd370b49', 'Credit', 'CREDIT'),
(7476.12747897104, 32, '2023-07-16 11:24:09.000000', '30f676d3-da5d-447a-b061-4706dd370b49', 'Debit', 'DEBIT'),
(13623.505832433228, 33, '2023-07-16 11:24:09.000000', '30f676d3-da5d-447a-b061-4706dd370b49', 'Credit', 'CREDIT'),
(5655.932218982481, 34, '2023-07-16 11:24:09.000000', '30f676d3-da5d-447a-b061-4706dd370b49', 'Debit', 'DEBIT'),
(73293.92885374618, 35, '2023-07-16 11:24:09.000000', '30f676d3-da5d-447a-b061-4706dd370b49', 'Credit', 'CREDIT'),
(1601.1371710381554, 36, '2023-07-16 11:24:09.000000', '30f676d3-da5d-447a-b061-4706dd370b49', 'Debit', 'DEBIT'),
(82909.09361986014, 37, '2023-07-16 11:24:09.000000', '30f676d3-da5d-447a-b061-4706dd370b49', 'Credit', 'CREDIT'),
(6931.141649605892, 38, '2023-07-16 11:24:09.000000', '30f676d3-da5d-447a-b061-4706dd370b49', 'Debit', 'DEBIT'),
(60177.02548294202, 39, '2023-07-16 11:24:09.000000', '30f676d3-da5d-447a-b061-4706dd370b49', 'Credit', 'CREDIT'),
(3377.3156401200818, 40, '2023-07-16 11:24:09.000000', '30f676d3-da5d-447a-b061-4706dd370b49', 'Debit', 'DEBIT'),
(106132.72258461769, 41, '2023-07-16 11:24:09.000000', '60421810-5326-4a83-b1af-0644718246c4', 'Credit', 'CREDIT'),
(2329.1991667920593, 42, '2023-07-16 11:24:09.000000', '60421810-5326-4a83-b1af-0644718246c4', 'Debit', 'DEBIT'),
(47969.718761959135, 43, '2023-07-16 11:24:09.000000', '60421810-5326-4a83-b1af-0644718246c4', 'Credit', 'CREDIT'),
(6929.50874268696, 44, '2023-07-16 11:24:09.000000', '60421810-5326-4a83-b1af-0644718246c4', 'Debit', 'DEBIT'),
(22430.205024553325, 45, '2023-07-16 11:24:09.000000', '60421810-5326-4a83-b1af-0644718246c4', 'Credit', 'CREDIT'),
(3035.176449969199, 46, '2023-07-16 11:24:09.000000', '60421810-5326-4a83-b1af-0644718246c4', 'Debit', 'DEBIT'),
(11772.343329787724, 47, '2023-07-16 11:24:09.000000', '60421810-5326-4a83-b1af-0644718246c4', 'Credit', 'CREDIT'),
(3757.232680575818, 48, '2023-07-16 11:24:09.000000', '60421810-5326-4a83-b1af-0644718246c4', 'Debit', 'DEBIT'),
(40890.75338729343, 49, '2023-07-16 11:24:09.000000', '60421810-5326-4a83-b1af-0644718246c4', 'Credit', 'CREDIT'),
(4715.578944029877, 50, '2023-07-16 11:24:09.000000', '60421810-5326-4a83-b1af-0644718246c4', 'Debit', 'DEBIT'),
(63182.22347771443, 51, '2023-07-16 11:24:09.000000', '60421810-5326-4a83-b1af-0644718246c4', 'Credit', 'CREDIT'),
(2459.8474250061536, 52, '2023-07-16 11:24:09.000000', '60421810-5326-4a83-b1af-0644718246c4', 'Debit', 'DEBIT'),
(14184.00714843685, 53, '2023-07-16 11:24:09.000000', '60421810-5326-4a83-b1af-0644718246c4', 'Credit', 'CREDIT'),
(3156.9684279990765, 54, '2023-07-16 11:24:09.000000', '60421810-5326-4a83-b1af-0644718246c4', 'Debit', 'DEBIT'),
(55202.87773413551, 55, '2023-07-16 11:24:09.000000', '60421810-5326-4a83-b1af-0644718246c4', 'Credit', 'CREDIT'),
(2900.3022154533583, 56, '2023-07-16 11:24:09.000000', '60421810-5326-4a83-b1af-0644718246c4', 'Debit', 'DEBIT'),
(102810.18479379827, 57, '2023-07-16 11:24:09.000000', '60421810-5326-4a83-b1af-0644718246c4', 'Credit', 'CREDIT'),
(6202.855158043783, 58, '2023-07-16 11:24:09.000000', '60421810-5326-4a83-b1af-0644718246c4', 'Debit', 'DEBIT'),
(12287.452120503163, 59, '2023-07-16 11:24:09.000000', '60421810-5326-4a83-b1af-0644718246c4', 'Credit', 'CREDIT'),
(5074.939419027867, 60, '2023-07-16 11:24:09.000000', '60421810-5326-4a83-b1af-0644718246c4', 'Debit', 'DEBIT'),
(101329.57177750107, 61, '2023-07-16 11:24:09.000000', '6fa971fa-98b0-4435-8e1e-dfed7bcf641e', 'Credit', 'CREDIT'),
(7809.56660523613, 62, '2023-07-16 11:24:09.000000', '6fa971fa-98b0-4435-8e1e-dfed7bcf641e', 'Debit', 'DEBIT'),
(81384.31679308419, 63, '2023-07-16 11:24:09.000000', '6fa971fa-98b0-4435-8e1e-dfed7bcf641e', 'Credit', 'CREDIT'),
(2289.8536618151866, 64, '2023-07-16 11:24:09.000000', '6fa971fa-98b0-4435-8e1e-dfed7bcf641e', 'Debit', 'DEBIT'),
(84138.46983511117, 65, '2023-07-16 11:24:09.000000', '6fa971fa-98b0-4435-8e1e-dfed7bcf641e', 'Credit', 'CREDIT'),
(6452.935889007726, 66, '2023-07-16 11:24:09.000000', '6fa971fa-98b0-4435-8e1e-dfed7bcf641e', 'Debit', 'DEBIT'),
(95438.68962565598, 67, '2023-07-16 11:24:09.000000', '6fa971fa-98b0-4435-8e1e-dfed7bcf641e', 'Credit', 'CREDIT'),
(3983.556397555304, 68, '2023-07-16 11:24:09.000000', '6fa971fa-98b0-4435-8e1e-dfed7bcf641e', 'Debit', 'DEBIT'),
(43319.70883804735, 69, '2023-07-16 11:24:09.000000', '6fa971fa-98b0-4435-8e1e-dfed7bcf641e', 'Credit', 'CREDIT'),
(2435.034867469907, 70, '2023-07-16 11:24:09.000000', '6fa971fa-98b0-4435-8e1e-dfed7bcf641e', 'Debit', 'DEBIT'),
(105140.05370360539, 71, '2023-07-16 11:24:09.000000', '6fa971fa-98b0-4435-8e1e-dfed7bcf641e', 'Credit', 'CREDIT'),
(5681.2068473395975, 72, '2023-07-16 11:24:09.000000', '6fa971fa-98b0-4435-8e1e-dfed7bcf641e', 'Debit', 'DEBIT'),
(14806.698549657816, 73, '2023-07-16 11:24:09.000000', '6fa971fa-98b0-4435-8e1e-dfed7bcf641e', 'Credit', 'CREDIT'),
(9863.809984252191, 74, '2023-07-16 11:24:09.000000', '6fa971fa-98b0-4435-8e1e-dfed7bcf641e', 'Debit', 'DEBIT'),
(47791.128131047146, 75, '2023-07-16 11:24:09.000000', '6fa971fa-98b0-4435-8e1e-dfed7bcf641e', 'Credit', 'CREDIT'),
(3117.4264567385126, 76, '2023-07-16 11:24:09.000000', '6fa971fa-98b0-4435-8e1e-dfed7bcf641e', 'Debit', 'DEBIT'),
(61561.01737156939, 77, '2023-07-16 11:24:09.000000', '6fa971fa-98b0-4435-8e1e-dfed7bcf641e', 'Credit', 'CREDIT'),
(1208.3586943630555, 78, '2023-07-16 11:24:09.000000', '6fa971fa-98b0-4435-8e1e-dfed7bcf641e', 'Debit', 'DEBIT'),
(124010.05418560824, 79, '2023-07-16 11:24:09.000000', '6fa971fa-98b0-4435-8e1e-dfed7bcf641e', 'Credit', 'CREDIT'),
(4522.7225135771205, 80, '2023-07-16 11:24:09.000000', '6fa971fa-98b0-4435-8e1e-dfed7bcf641e', 'Debit', 'DEBIT'),
(43674.373009833325, 81, '2023-07-16 11:24:09.000000', 'bd078e1c-ce5d-4e58-bd00-71a168ae71f1', 'Credit', 'CREDIT'),
(4368.724278069534, 82, '2023-07-16 11:24:09.000000', 'bd078e1c-ce5d-4e58-bd00-71a168ae71f1', 'Debit', 'DEBIT'),
(123563.39864832352, 83, '2023-07-16 11:24:09.000000', 'bd078e1c-ce5d-4e58-bd00-71a168ae71f1', 'Credit', 'CREDIT'),
(6432.80560701223, 84, '2023-07-16 11:24:09.000000', 'bd078e1c-ce5d-4e58-bd00-71a168ae71f1', 'Debit', 'DEBIT'),
(75266.81754652622, 85, '2023-07-16 11:24:09.000000', 'bd078e1c-ce5d-4e58-bd00-71a168ae71f1', 'Credit', 'CREDIT'),
(7141.460682166143, 86, '2023-07-16 11:24:09.000000', 'bd078e1c-ce5d-4e58-bd00-71a168ae71f1', 'Debit', 'DEBIT'),
(40963.52269029035, 87, '2023-07-16 11:24:09.000000', 'bd078e1c-ce5d-4e58-bd00-71a168ae71f1', 'Credit', 'CREDIT'),
(1150.590760989171, 88, '2023-07-16 11:24:09.000000', 'bd078e1c-ce5d-4e58-bd00-71a168ae71f1', 'Debit', 'DEBIT'),
(106763.92752037474, 89, '2023-07-16 11:24:09.000000', 'bd078e1c-ce5d-4e58-bd00-71a168ae71f1', 'Credit', 'CREDIT'),
(6810.859291098713, 90, '2023-07-16 11:24:09.000000', 'bd078e1c-ce5d-4e58-bd00-71a168ae71f1', 'Debit', 'DEBIT'),
(129549.80549635764, 91, '2023-07-16 11:24:09.000000', 'bd078e1c-ce5d-4e58-bd00-71a168ae71f1', 'Credit', 'CREDIT'),
(8167.432462079352, 92, '2023-07-16 11:24:09.000000', 'bd078e1c-ce5d-4e58-bd00-71a168ae71f1', 'Debit', 'DEBIT'),
(58596.69924123925, 93, '2023-07-16 11:24:09.000000', 'bd078e1c-ce5d-4e58-bd00-71a168ae71f1', 'Credit', 'CREDIT'),
(7350.608331251342, 94, '2023-07-16 11:24:09.000000', 'bd078e1c-ce5d-4e58-bd00-71a168ae71f1', 'Debit', 'DEBIT'),
(99609.12539150748, 95, '2023-07-16 11:24:09.000000', 'bd078e1c-ce5d-4e58-bd00-71a168ae71f1', 'Credit', 'CREDIT'),
(2433.148157843339, 96, '2023-07-16 11:24:09.000000', 'bd078e1c-ce5d-4e58-bd00-71a168ae71f1', 'Debit', 'DEBIT'),
(48578.749415865605, 97, '2023-07-16 11:24:09.000000', 'bd078e1c-ce5d-4e58-bd00-71a168ae71f1', 'Credit', 'CREDIT'),
(2381.788372996466, 98, '2023-07-16 11:24:09.000000', 'bd078e1c-ce5d-4e58-bd00-71a168ae71f1', 'Debit', 'DEBIT'),
(31676.987743527287, 99, '2023-07-16 11:24:09.000000', 'bd078e1c-ce5d-4e58-bd00-71a168ae71f1', 'Credit', 'CREDIT'),
(7353.648952261702, 100, '2023-07-16 11:24:09.000000', 'bd078e1c-ce5d-4e58-bd00-71a168ae71f1', 'Debit', 'DEBIT'),
(100176.44463685217, 101, '2023-07-16 11:24:09.000000', 'df146a63-41b4-4afa-9654-87229516209a', 'Credit', 'CREDIT'),
(7600.493982738631, 102, '2023-07-16 11:24:09.000000', 'df146a63-41b4-4afa-9654-87229516209a', 'Debit', 'DEBIT'),
(30496.539133765626, 103, '2023-07-16 11:24:09.000000', 'df146a63-41b4-4afa-9654-87229516209a', 'Credit', 'CREDIT'),
(8790.496029546102, 104, '2023-07-16 11:24:09.000000', 'df146a63-41b4-4afa-9654-87229516209a', 'Debit', 'DEBIT'),
(52598.431297738935, 105, '2023-07-16 11:24:09.000000', 'df146a63-41b4-4afa-9654-87229516209a', 'Credit', 'CREDIT'),
(3861.9985801069306, 106, '2023-07-16 11:24:09.000000', 'df146a63-41b4-4afa-9654-87229516209a', 'Debit', 'DEBIT'),
(48198.77526780289, 107, '2023-07-16 11:24:09.000000', 'df146a63-41b4-4afa-9654-87229516209a', 'Credit', 'CREDIT'),
(5138.464825870256, 108, '2023-07-16 11:24:09.000000', 'df146a63-41b4-4afa-9654-87229516209a', 'Debit', 'DEBIT'),
(96092.0594605162, 109, '2023-07-16 11:24:09.000000', 'df146a63-41b4-4afa-9654-87229516209a', 'Credit', 'CREDIT'),
(4488.2680290098415, 110, '2023-07-16 11:24:09.000000', 'df146a63-41b4-4afa-9654-87229516209a', 'Debit', 'DEBIT'),
(57103.03516073604, 111, '2023-07-16 11:24:09.000000', 'df146a63-41b4-4afa-9654-87229516209a', 'Credit', 'CREDIT'),
(7765.206828339559, 112, '2023-07-16 11:24:09.000000', 'df146a63-41b4-4afa-9654-87229516209a', 'Debit', 'DEBIT'),
(67045.03964236012, 113, '2023-07-16 11:24:09.000000', 'df146a63-41b4-4afa-9654-87229516209a', 'Credit', 'CREDIT'),
(8651.756843676972, 114, '2023-07-16 11:24:09.000000', 'df146a63-41b4-4afa-9654-87229516209a', 'Debit', 'DEBIT'),
(93122.9538464794, 115, '2023-07-16 11:24:09.000000', 'df146a63-41b4-4afa-9654-87229516209a', 'Credit', 'CREDIT'),
(8711.350575407576, 116, '2023-07-16 11:24:09.000000', 'df146a63-41b4-4afa-9654-87229516209a', 'Debit', 'DEBIT'),
(117451.70339831777, 117, '2023-07-16 11:24:09.000000', 'df146a63-41b4-4afa-9654-87229516209a', 'Credit', 'CREDIT'),
(2880.807226985732, 118, '2023-07-16 11:24:09.000000', 'df146a63-41b4-4afa-9654-87229516209a', 'Debit', 'DEBIT'),
(100098.88378522053, 119, '2023-07-16 11:24:09.000000', 'df146a63-41b4-4afa-9654-87229516209a', 'Credit', 'CREDIT'),
(1569.8997500670362, 120, '2023-07-16 11:24:09.000000', 'df146a63-41b4-4afa-9654-87229516209a', 'Debit', 'DEBIT');

-- --------------------------------------------------------

--
-- Structure de la table `bank_account`
--

CREATE TABLE `bank_account` (
  `balance` double NOT NULL,
  `interest_rate` double DEFAULT NULL,
  `over_draft` double DEFAULT NULL,
  `type` varchar(4) NOT NULL,
  `created_at` datetime(6) DEFAULT NULL,
  `customer_id` bigint(20) DEFAULT NULL,
  `id` varchar(255) NOT NULL,
  `status` enum('ACTIVATED','CREATED','SUSPENDED') DEFAULT NULL
) ENGINE=InnoDB DEFAULT CHARSET=utf8mb4 COLLATE=utf8mb4_general_ci;

--
-- Déchargement des données de la table `bank_account`
--

INSERT INTO `bank_account` (`balance`, `interest_rate`, `over_draft`, `type`, `created_at`, `customer_id`, `id`, `status`) VALUES
(763528.263708649, 5.5, NULL, 'SA', '2023-07-16 11:24:09.000000', 3, '067f79db-8820-401c-a198-cd0193b36a6e', NULL),
(571667.0516040741, NULL, 9000, 'CA', '2023-07-16 11:24:09.000000', 3, '30f676d3-da5d-447a-b061-4706dd370b49', NULL),
(456215.45364873396, NULL, 9000, 'CA', '2023-07-16 11:24:09.000000', 1, '60421810-5326-4a83-b1af-0644718246c4', NULL),
(769550.9679518417, 5.5, NULL, 'SA', '2023-07-16 11:24:09.000000', 2, '6fa971fa-98b0-4435-8e1e-dfed7bcf641e', NULL),
(782662.2736782333, 5.5, NULL, 'SA', '2023-07-16 11:24:09.000000', 1, 'bd078e1c-ce5d-4e58-bd00-71a168ae71f1', NULL),
(766814.6253548937, NULL, 9000, 'CA', '2023-07-16 11:24:09.000000', 2, 'df146a63-41b4-4afa-9654-87229516209a', NULL);

-- --------------------------------------------------------

--
-- Structure de la table `customer`
--

CREATE TABLE `customer` (
  `id` bigint(20) NOT NULL,
  `email` varchar(255) DEFAULT NULL,
  `name` varchar(255) DEFAULT NULL
) ENGINE=InnoDB DEFAULT CHARSET=utf8mb4 COLLATE=utf8mb4_general_ci;

--
-- Déchargement des données de la table `customer`
--

INSERT INTO `customer` (`id`, `email`, `name`) VALUES
(1, 'Hassan@gmail.com', 'Hassan'),
(2, 'Imane@gmail.com', 'Imane'),
(3, 'Mohamed@gmail.com', 'Mohamed');

--
-- Index pour les tables déchargées
--

--
-- Index pour la table `account_operation`
--
ALTER TABLE `account_operation`
  ADD PRIMARY KEY (`id`),
  ADD KEY `FKmimm8esca3p6ux3s6bdwvu1cn` (`bank_account_id`);

--
-- Index pour la table `bank_account`
--
ALTER TABLE `bank_account`
  ADD PRIMARY KEY (`id`),
  ADD KEY `FKj818ht4ban0c4uw4bmsbf3jme` (`customer_id`);

--
-- Index pour la table `customer`
--
ALTER TABLE `customer`
  ADD PRIMARY KEY (`id`);

--
-- AUTO_INCREMENT pour les tables déchargées
--

--
-- AUTO_INCREMENT pour la table `account_operation`
--
ALTER TABLE `account_operation`
  MODIFY `id` bigint(20) NOT NULL AUTO_INCREMENT, AUTO_INCREMENT=121;

--
-- AUTO_INCREMENT pour la table `customer`
--
ALTER TABLE `customer`
  MODIFY `id` bigint(20) NOT NULL AUTO_INCREMENT, AUTO_INCREMENT=4;

--
-- Contraintes pour les tables déchargées
--

--
-- Contraintes pour la table `account_operation`
--
ALTER TABLE `account_operation`
  ADD CONSTRAINT `FKmimm8esca3p6ux3s6bdwvu1cn` FOREIGN KEY (`bank_account_id`) REFERENCES `bank_account` (`id`);

--
-- Contraintes pour la table `bank_account`
--
ALTER TABLE `bank_account`
  ADD CONSTRAINT `FKj818ht4ban0c4uw4bmsbf3jme` FOREIGN KEY (`customer_id`) REFERENCES `customer` (`id`);
COMMIT;

/*!40101 SET CHARACTER_SET_CLIENT=@OLD_CHARACTER_SET_CLIENT */;
/*!40101 SET CHARACTER_SET_RESULTS=@OLD_CHARACTER_SET_RESULTS */;
/*!40101 SET COLLATION_CONNECTION=@OLD_COLLATION_CONNECTION */;
